,Mutation,HGVSp,HGVSg,Mutation sources,Pfam domain classification,TED-CATH domain classification,"Stability classification, alphafold, (Rosetta, FoldX)","Stability classification, alphafold, (RaSP, FoldX)","Stability classification, alphafold, (Foldetta from FoldX and Rosetta)","Stability classification, alphafold, (Foldetta from FoldX and RaSP)",Local Int. classification (BCL2L1_5FMKba),EVE classification (25% Uncertain),AlphaMissense classification,References
28,S3L,NP_001179:p.Ser3Leu,"hg19,6:g.33545374G>A, hg19,6:g.33577597G>A","cBioPortal,saturation_mutlist",,,Neutral,Neutral,Neutral,Neutral,Uncertain,,benign,https://doi.org/10.1101/2022.10.22.513328
142,P9L,NP_001179:p.Pro9Leu,"hg19,6:g.33545356G>A, hg19,6:g.33577579G>A","cBioPortal,saturation_mutlist",,,Neutral,Neutral,Neutral,Neutral,Uncertain,,benign,https://doi.org/10.1101/2022.10.22.513328
231,C14F,NP_001179:p.Cys14Phe,"hg19,6:g.33545341C>A","cBioPortal,saturation_mutlist",,,Uncertain,Uncertain,Neutral,Neutral,,,benign,https://doi.org/10.1101/2022.10.22.513328
320,A18V,NP_001179:p.Ala18Val,"hg19,6:g.33545329G>A, hg19,6:g.33577552G>A, hg38,6:g.33577552G>A","cBioPortal,COSMIC,saturation_mutlist",,,Neutral,Neutral,Neutral,Neutral,Uncertain,,benign,https://doi.org/10.1101/2022.10.22.513328
351,P20L,NP_001179:p.Pro20Leu,"hg19,6:g.33545323G>A","cBioPortal,saturation_mutlist",,,Neutral,Neutral,Neutral,Neutral,Uncertain,,benign,https://doi.org/10.1101/2022.10.22.513328
403,S23F,NP_001179:p.Ser23Phe,"hg19,6:g.33545314G>A","cBioPortal,saturation_mutlist",,1.10.437.10,Neutral,Neutral,Neutral,Neutral,Uncertain,,benign,https://doi.org/10.1101/2022.10.22.513328
462,Q26H,NP_001179:p.Gln26His,"hg19,6:g.33543698C>A, hg38,6:g.33575921C>A","cBioPortal,COSMIC,saturation_mutlist",,1.10.437.10,Neutral,Neutral,Neutral,Neutral,Uncertain,,benign,https://doi.org/10.1101/2022.10.22.513328
510,A28V,NP_001179:p.Ala28Val,"hg19,6:g.33543693G>A, hg38,6:g.33575916G>A","COSMIC,clinvar,saturation_mutlist",,1.10.437.10,Neutral,Neutral,Neutral,Neutral,,,benign,https://doi.org/10.1101/2022.10.22.513328
519,Q29H,NP_001179:p.Gln29His,"hg19,6:g.33543689C>A, hg19,6:g.33575912C>A, hg38,6:g.33575912C>A","cBioPortal,COSMIC,saturation_mutlist",,1.10.437.10,Neutral,Neutral,Neutral,Neutral,Uncertain,,benign,https://doi.org/10.1101/2022.10.22.513328
551,T31A,NP_001179:p.Thr31Ala,"hg19,6:g.33543685T>C, hg38,6:g.33575908T>C","clinvar,saturation_mutlist",,1.10.437.10,,Neutral,,Neutral,,,benign,https://doi.org/10.1101/2022.10.22.513328
577,E32K,NP_001179:p.Glu32Lys,"hg19,6:g.33543682C>T, hg19,6:g.33575905C>T","cBioPortal,saturation_mutlist",,1.10.437.10,Neutral,Neutral,Neutral,Neutral,Uncertain,,benign,https://doi.org/10.1101/2022.10.22.513328
652,R36H,NP_001179:p.Arg36His,"hg19,6:g.33543669C>T, hg38,6:g.33575892C>T","cBioPortal,clinvar,saturation_mutlist",,1.10.437.10,Neutral,Neutral,Neutral,Neutral,Uncertain,,benign,https://doi.org/10.1101/2022.10.22.513328
660,R36S,NP_001179:p.Arg36Ser,"hg19,6:g.33543670G>T","cBioPortal,saturation_mutlist",,1.10.437.10,Neutral,Neutral,Neutral,Neutral,Uncertain,,benign,https://doi.org/10.1101/2022.10.22.513328
690,Y38H,NP_001179:p.Tyr38His,"hg19,6:g.33543664A>G, hg19,6:g.33575887A>G","cBioPortal,saturation_mutlist",,1.10.437.10,Uncertain,Uncertain,Destabilizing,Uncertain,,,pathogenic,https://doi.org/10.1101/2022.10.22.513328
708,V39G,NP_001179:p.Val39Gly,"hg19,6:g.33543660A>C, hg19,6:g.33575883A>C","cBioPortal,saturation_mutlist",,1.10.437.10,Destabilizing,Destabilizing,Destabilizing,Destabilizing,,,pathogenic,https://doi.org/10.1101/2022.10.22.513328
710,V39I,NP_001179:p.Val39Ile,"hg19,6:g.33543661C>T, hg38,6:g.33575884C>T","clinvar,saturation_mutlist",,1.10.437.10,,Neutral,,Neutral,,,benign,https://doi.org/10.1101/2022.10.22.513328
761,R42C,NP_001179:p.Arg42Cys,"hg19,6:g.33575875G>A, hg38,6:g.33575875G>A","cBioPortal,COSMIC,saturation_mutlist",,1.10.437.10,,Neutral,,Neutral,,,benign,https://doi.org/10.1101/2022.10.22.513328
766,R42H,NP_001179:p.Arg42His,"hg19,6:g.33543651C>T, hg19,6:g.33575874C>T, hg38,6:g.33575874C>T","cBioPortal,COSMIC,saturation_mutlist",,1.10.437.10,Uncertain,Uncertain,Neutral,Neutral,,,benign,https://doi.org/10.1101/2022.10.22.513328
774,R42S,NP_001179:p.Arg42Ser,"hg38,6:g.33575875G>T","COSMIC,saturation_mutlist",,1.10.437.10,Uncertain,Uncertain,Uncertain,Uncertain,,,pathogenic,https://doi.org/10.1101/2022.10.22.513328
907,A49S,NP_001179:p.Ala49Ser,"hg19,6:g.33543631C>A, hg19,6:g.33575854C>A, hg38,6:g.33575854C>A","cBioPortal,COSMIC,saturation_mutlist",,1.10.437.10,Neutral,Neutral,Neutral,Neutral,Uncertain,,benign,https://doi.org/10.1101/2022.10.22.513328
931,G51A,NP_001179:p.Gly51Ala,"hg19,6:g.33543624C>G, hg38,6:g.33575847C>G","cBioPortal,COSMIC,saturation_mutlist",,1.10.437.10,Uncertain,Uncertain,Neutral,Uncertain,Uncertain,,benign,https://doi.org/10.1101/2022.10.22.513328
955,V52G,NP_001179:p.Val52Gly,"hg19,6:g.33543621A>C, hg38,6:g.33575844A>C","cBioPortal,COSMIC,saturation_mutlist",,1.10.437.10,Neutral,Neutral,Neutral,Neutral,Uncertain,,benign,https://doi.org/10.1101/2022.10.22.513328
960,V52M,NP_001179:p.Val52Met,"hg19,6:g.33543622C>T, hg19,6:g.33575845C>T","cBioPortal,saturation_mutlist",,1.10.437.10,Neutral,Neutral,Neutral,Neutral,Uncertain,,benign,https://doi.org/10.1101/2022.10.22.513328
983,A53S,NP_001179:p.Ala53Ser,"hg19,6:g.33543619C>A, hg19,6:g.33575842C>A","cBioPortal,saturation_mutlist",,1.10.437.10,Neutral,Neutral,Neutral,Neutral,Uncertain,,benign,https://doi.org/10.1101/2022.10.22.513328
985,A53V,NP_001179:p.Ala53Val,"hg19,6:g.33543618G>A, hg38,6:g.33575841G>A","cBioPortal,COSMIC,saturation_mutlist",,1.10.437.10,Neutral,Neutral,Neutral,Neutral,Uncertain,,benign,https://doi.org/10.1101/2022.10.22.513328
1004,A54V,NP_001179:p.Ala54Val,"hg19,6:g.33543615G>A","cBioPortal,saturation_mutlist",,1.10.437.10,Neutral,Neutral,Neutral,Neutral,,,benign,https://doi.org/10.1101/2022.10.22.513328
1016,P55L,NP_001179:p.Pro55Leu,"hg19,6:g.33543612G>A","cBioPortal,saturation_mutlist",,1.10.437.10,,Neutral,,Neutral,Uncertain,,benign,https://doi.org/10.1101/2022.10.22.513328
1021,P55S,NP_001179:p.Pro55Ser,"hg19,6:g.33543613G>A, hg19,6:g.33575836G>A, hg38,6:g.33575836G>A","cBioPortal,COSMIC,saturation_mutlist",,1.10.437.10,Uncertain,Uncertain,Uncertain,Neutral,Uncertain,,benign,https://doi.org/10.1101/2022.10.22.513328
1040,A56S,NP_001179:p.Ala56Ser,"hg38,6:g.33575833C>A","COSMIC,saturation_mutlist",,1.10.437.10,Neutral,Neutral,Neutral,Neutral,Uncertain,,benign,https://doi.org/10.1101/2022.10.22.513328
1042,A56V,NP_001179:p.Ala56Val,"hg19,6:g.33543609G>A, hg19,6:g.33575832G>A, hg38,6:g.33575832G>A","cBioPortal,COSMIC,saturation_mutlist",,1.10.437.10,Neutral,Neutral,Neutral,Neutral,Uncertain,,benign,https://doi.org/10.1101/2022.10.22.513328
1047,D57E,NP_001179:p.Asp57Glu,"hg19,6:g.33543605G>C","cBioPortal,saturation_mutlist",,1.10.437.10,Uncertain,Uncertain,Neutral,Uncertain,,Benign,ambiguous,https://doi.org/10.1101/2022.10.22.513328
1121,V61A,NP_001179:p.Val61Ala,"hg19,6:g.33543594A>G, hg19,6:g.33575817A>G, hg38,6:g.33575817A>G","cBioPortal,COSMIC,saturation_mutlist",,1.10.437.10,Neutral,Neutral,Neutral,Neutral,Uncertain,Benign,benign,https://doi.org/10.1101/2022.10.22.513328
1184,P64H,NP_001179:p.Pro64His,"hg19,6:g.33543585G>T, hg38,6:g.33575808G>T","cBioPortal,COSMIC,saturation_mutlist",,1.10.437.10,Uncertain,Uncertain,Neutral,Neutral,,Benign,benign,https://doi.org/10.1101/2022.10.22.513328
1280,S69I,NP_001179:p.Ser69Ile,"hg19,6:g.33543570C>A, hg38,6:g.33575793C>A","cBioPortal,COSMIC,saturation_mutlist",,1.10.437.10,Uncertain,Uncertain,Uncertain,Neutral,Uncertain,Pathogenic,pathogenic,https://doi.org/10.1101/2022.10.22.513328
1378,V74M,NP_001179:p.Val74Met,"hg19,6:g.33543205C>T, hg19,6:g.33575428C>T, hg38,6:g.33575428C>T","cBioPortal,COSMIC,clinvar,saturation_mutlist",,1.10.437.10,Destabilizing,Uncertain,Destabilizing,Destabilizing,Neutral,Pathogenic,pathogenic,https://doi.org/10.1101/2022.10.22.513328
1419,R76Q,NP_001179:p.Arg76Gln,"hg19,6:g.33575421C>T","cBioPortal,saturation_mutlist",,1.10.437.10,,Neutral,,Neutral,Uncertain,Benign,benign,https://doi.org/10.1101/2022.10.22.513328
1423,R76W,NP_001179:p.Arg76Trp,"hg19,6:g.33543199G>A, hg38,6:g.33575422G>A","cBioPortal,COSMIC,clinvar,saturation_mutlist",,1.10.437.10,Neutral,Neutral,Neutral,Neutral,Neutral,Pathogenic,benign,https://doi.org/10.1101/2022.10.22.513328
1448,L78F,NP_001179:p.Leu78Phe,"hg19,6:g.33543193G>A, hg38,6:g.33575416G>A","cBioPortal,COSMIC,saturation_mutlist","Apoptosis regulator proteins, Bcl-2 family (PF00452)",1.10.437.10,Uncertain,Uncertain,Uncertain,Uncertain,Uncertain,Pathogenic,pathogenic,https://doi.org/10.1101/2022.10.22.513328
1478,A79T,NP_001179:p.Ala79Thr,"hg19,6:g.33543190C>T, hg19,6:g.33575413C>T, hg38,6:g.33575413C>T","cBioPortal,COSMIC,saturation_mutlist","Apoptosis regulator proteins, Bcl-2 family (PF00452)",1.10.437.10,Uncertain,Uncertain,Uncertain,Uncertain,Uncertain,Pathogenic,pathogenic,https://doi.org/10.1101/2022.10.22.513328
1479,A79V,NP_001179:p.Ala79Val,"hg19,6:g.33575412G>A","cBioPortal,saturation_mutlist","Apoptosis regulator proteins, Bcl-2 family (PF00452)",1.10.437.10,,Uncertain,,Destabilizing,,Pathogenic,pathogenic,https://doi.org/10.1101/2022.10.22.513328
1516,I81T,NP_001179:p.Ile81Thr,"hg19,6:g.33543183A>G, hg38,6:g.33575406A>G","cBioPortal,COSMIC,saturation_mutlist","Apoptosis regulator proteins, Bcl-2 family (PF00452)",1.10.437.10,Neutral,Uncertain,Neutral,Uncertain,Destabilizing,Uncertain,ambiguous,https://doi.org/10.1101/2022.10.22.513328
1523,G82E,NP_001179:p.Gly82Glu,"hg19,6:g.33543180C>T, hg19,6:g.33575403C>T, hg38,6:g.33575403C>T","cBioPortal,COSMIC,saturation_mutlist","Apoptosis regulator proteins, Bcl-2 family (PF00452)",1.10.437.10,Uncertain,Uncertain,Destabilizing,Uncertain,Destabilizing,Pathogenic,pathogenic,https://doi.org/10.1101/2022.10.22.513328
1533,G82R,NP_001179:p.Gly82Arg,"hg38,6:g.33575404C>T","COSMIC,saturation_mutlist","Apoptosis regulator proteins, Bcl-2 family (PF00452)",1.10.437.10,Destabilizing,Uncertain,Destabilizing,Uncertain,Destabilizing,Pathogenic,pathogenic,https://doi.org/10.1101/2022.10.22.513328
1537,G82W,NP_001179:p.Gly82Trp,"hg19,6:g.33543181C>A, hg38,6:g.33575404C>A","cBioPortal,COSMIC,saturation_mutlist","Apoptosis regulator proteins, Bcl-2 family (PF00452)",1.10.437.10,Destabilizing,Uncertain,Destabilizing,Destabilizing,Destabilizing,Pathogenic,pathogenic,https://doi.org/10.1101/2022.10.22.513328
1568,D84N,NP_001179:p.Asp84Asn,"hg19,6:g.33543175C>T, hg19,6:g.33575398C>T, hg38,6:g.33575398C>T","cBioPortal,COSMIC,saturation_mutlist","Apoptosis regulator proteins, Bcl-2 family (PF00452)",1.10.437.10,Neutral,Neutral,Neutral,Neutral,Neutral,Uncertain,benign,https://doi.org/10.1101/2022.10.22.513328
1598,N86D,NP_001179:p.Asn86Asp,"hg19,6:g.33543169T>C, hg19,6:g.33575392T>C, hg38,6:g.33575392T>C","cBioPortal,COSMIC,saturation_mutlist","Apoptosis regulator proteins, Bcl-2 family (PF00452)",1.10.437.10,Neutral,Uncertain,Neutral,Neutral,Neutral,Benign,ambiguous,https://doi.org/10.1101/2022.10.22.513328
1624,R87L,NP_001179:p.Arg87Leu,"hg19,6:g.33543165C>A, hg19,6:g.33575388C>A","cBioPortal,saturation_mutlist","Apoptosis regulator proteins, Bcl-2 family (PF00452)",1.10.437.10,Neutral,Neutral,Neutral,Neutral,Neutral,Benign,benign,https://doi.org/10.1101/2022.10.22.513328
1628,R87Q,NP_001179:p.Arg87Gln,"hg19,6:g.33543165C>T, hg38,6:g.33575388C>T","cBioPortal,COSMIC,saturation_mutlist","Apoptosis regulator proteins, Bcl-2 family (PF00452)",1.10.437.10,Neutral,Neutral,Neutral,Neutral,Destabilizing,Benign,benign,https://doi.org/10.1101/2022.10.22.513328
1640,R88H,NP_001179:p.Arg88His,"hg19,6:g.33543162C>T, hg19,6:g.33575385C>T, hg38,6:g.33575385C>T","cBioPortal,COSMIC,saturation_mutlist","Apoptosis regulator proteins, Bcl-2 family (PF00452)",1.10.437.10,Neutral,Neutral,Neutral,Neutral,Neutral,Pathogenic,benign,https://doi.org/10.1101/2022.10.22.513328
1703,S91P,NP_001179:p.Ser91Pro,"hg19,6:g.33543154A>G, hg19,6:g.33575377A>G","cBioPortal,saturation_mutlist","Apoptosis regulator proteins, Bcl-2 family (PF00452)",1.10.437.10,Uncertain,Uncertain,Neutral,Neutral,Uncertain,Benign,benign,https://doi.org/10.1101/2022.10.22.513328
1717,E92K,NP_001179:p.Glu92Lys,"hg38,6:g.33575374C>T","COSMIC,saturation_mutlist","Apoptosis regulator proteins, Bcl-2 family (PF00452)",1.10.437.10,,Neutral,,Neutral,Uncertain,Uncertain,ambiguous,https://doi.org/10.1101/2022.10.22.513328
1737,F93L,NP_001179:p.Phe93Leu,"hg19,6:g.33543146G>T","cBioPortal,saturation_mutlist","Apoptosis regulator proteins, Bcl-2 family (PF00452)",1.10.437.10,,Neutral,,Neutral,,Benign,pathogenic,https://doi.org/10.1101/2022.10.22.513328
1767,T95A,NP_001179:p.Thr95Ala,"hg19,6:g.33575365T>C","cBioPortal,saturation_mutlist","Apoptosis regulator proteins, Bcl-2 family (PF00452)",1.10.437.10,,Neutral,,Neutral,Uncertain,Benign,benign,https://doi.org/10.1101/2022.10.22.513328
1774,T95I,NP_001179:p.Thr95Ile,"hg38,6:g.33575364G>A","COSMIC,saturation_mutlist","Apoptosis regulator proteins, Bcl-2 family (PF00452)",1.10.437.10,Neutral,Neutral,Neutral,Neutral,Uncertain,Benign,benign,https://doi.org/10.1101/2022.10.22.513328
1914,P102S,NP_001179:p.Pro102Ser,"hg19,6:g.33543121G>A, hg19,6:g.33575344G>A","cBioPortal,saturation_mutlist","Apoptosis regulator proteins, Bcl-2 family (PF00452)",1.10.437.10,Uncertain,Uncertain,Destabilizing,Destabilizing,,Benign,pathogenic,https://doi.org/10.1101/2022.10.22.513328
1969,E105Q,NP_001179:p.Glu105Gln,"hg19,6:g.33543112C>G, hg38,6:g.33575335C>G","clinvar,saturation_mutlist","Apoptosis regulator proteins, Bcl-2 family (PF00452)",1.10.437.10,,Neutral,,Neutral,Uncertain,Benign,benign,https://doi.org/10.1101/2022.10.22.513328
2011,A107V,NP_001179:p.Ala107Val,"hg38,6:g.33575328G>A","COSMIC,saturation_mutlist","Apoptosis regulator proteins, Bcl-2 family (PF00452)",1.10.437.10,Uncertain,Neutral,Neutral,Neutral,,Benign,ambiguous,https://doi.org/10.1101/2022.10.22.513328
2037,E109G,NP_001179:p.Glu109Gly,"hg38,6:g.33575322T>C","COSMIC,saturation_mutlist","Apoptosis regulator proteins, Bcl-2 family (PF00452)",1.10.437.10,,Uncertain,,Neutral,Uncertain,Benign,benign,https://doi.org/10.1101/2022.10.22.513328
2040,E109K,NP_001179:p.Glu109Lys,"hg19,6:g.33543100C>T, hg19,6:g.33575323C>T, hg38,6:g.33575323C>T","cBioPortal,COSMIC,saturation_mutlist","Apoptosis regulator proteins, Bcl-2 family (PF00452)",1.10.437.10,Neutral,Neutral,Neutral,Neutral,Uncertain,Benign,benign,https://doi.org/10.1101/2022.10.22.513328
2053,Y110C,NP_001179:p.Tyr110Cys,"hg19,6:g.33543096T>C","cBioPortal,saturation_mutlist","Apoptosis regulator proteins, Bcl-2 family (PF00452)",1.10.437.10,,Uncertain,,Uncertain,Uncertain,Benign,benign,https://doi.org/10.1101/2022.10.22.513328
2058,Y110H,NP_001179:p.Tyr110His,"hg19,6:g.33543097A>G, hg19,6:g.33575320A>G, hg38,6:g.33575320A>G","cBioPortal,COSMIC,saturation_mutlist","Apoptosis regulator proteins, Bcl-2 family (PF00452)",1.10.437.10,Uncertain,Uncertain,Uncertain,Uncertain,Uncertain,Benign,ambiguous,https://doi.org/10.1101/2022.10.22.513328
2079,F111L,NP_001179:p.Phe111Leu,"hg19,6:g.33543094A>G","cBioPortal,saturation_mutlist","Apoptosis regulator proteins, Bcl-2 family (PF00452)",1.10.437.10,Uncertain,Uncertain,Uncertain,Uncertain,,Uncertain,pathogenic,https://doi.org/10.1101/2022.10.22.513328
2085,F111S,NP_001179:p.Phe111Ser,"hg38,6:g.33575316A>G","COSMIC,saturation_mutlist","Apoptosis regulator proteins, Bcl-2 family (PF00452)",1.10.437.10,Destabilizing,Destabilizing,Destabilizing,Destabilizing,,Pathogenic,pathogenic,https://doi.org/10.1101/2022.10.22.513328
2242,E120A,NP_001179:p.Glu120Ala,"hg19,6:g.33541983T>G","cBioPortal,saturation_mutlist","Apoptosis regulator proteins, Bcl-2 family (PF00452)",1.10.437.10,,Neutral,,Neutral,Uncertain,Benign,benign,https://doi.org/10.1101/2022.10.22.513328
2258,E120V,NP_001179:p.Glu120Val,"hg19,6:g.33541983T>A, hg38,6:g.33574206T>A","cBioPortal,COSMIC,saturation_mutlist","Apoptosis regulator proteins, Bcl-2 family (PF00452)",1.10.437.10,Neutral,Neutral,Neutral,Neutral,Uncertain,Benign,ambiguous,https://doi.org/10.1101/2022.10.22.513328
2272,S121N,NP_001179:p.Ser121Asn,"hg19,6:g.33541980C>T","cBioPortal,saturation_mutlist","Apoptosis regulator proteins, Bcl-2 family (PF00452)",1.10.437.10,,Neutral,,Neutral,Uncertain,Benign,benign,https://doi.org/10.1101/2022.10.22.513328
2282,G122D,NP_001179:p.Gly122Asp,"hg19,6:g.33541977C>T, hg38,6:g.33574200C>T","cBioPortal,COSMIC,saturation_mutlist","Apoptosis regulator proteins, Bcl-2 family (PF00452)",1.10.437.10,Uncertain,Uncertain,Destabilizing,Destabilizing,,Pathogenic,pathogenic,https://doi.org/10.1101/2022.10.22.513328
2332,N124S,NP_001179:p.Asn124Ser,"hg19,6:g.33541971T>C, hg38,6:g.33574194T>C","clinvar,saturation_mutlist","Apoptosis regulator proteins, Bcl-2 family (PF00452)",1.10.437.10,,Neutral,,Neutral,Uncertain,Benign,benign,https://doi.org/10.1101/2022.10.22.513328
2346,W125L,NP_001179:p.Trp125Leu,"hg19,6:g.33541968C>A, hg38,6:g.33574191C>A","cBioPortal,COSMIC,saturation_mutlist","Apoptosis regulator proteins, Bcl-2 family (PF00452)",1.10.437.10,Destabilizing,Destabilizing,Destabilizing,Destabilizing,,Uncertain,pathogenic,https://doi.org/10.1101/2022.10.22.513328
2356,G126A,NP_001179:p.Gly126Ala,"hg19,6:g.33541965C>G","cBioPortal,saturation_mutlist","Apoptosis regulator proteins, Bcl-2 family (PF00452)",1.10.437.10,Neutral,Neutral,Neutral,Neutral,,Uncertain,pathogenic,https://doi.org/10.1101/2022.10.22.513328
2387,R127P,NP_001179:p.Arg127Pro,"hg19,6:g.33541962C>G, hg38,6:g.33574185C>G","clinvar,saturation_mutlist","Apoptosis regulator proteins, Bcl-2 family (PF00452)",1.10.437.10,Uncertain,Uncertain,Neutral,Neutral,,Pathogenic,pathogenic,https://doi.org/10.1101/2022.10.22.513328
2455,L131F,NP_001179:p.Leu131Phe,"hg19,6:g.33574174G>A","cBioPortal,saturation_mutlist","Apoptosis regulator proteins, Bcl-2 family (PF00452)",1.10.437.10,,Uncertain,,Destabilizing,,Uncertain,pathogenic,https://doi.org/10.1101/2022.10.22.513328
2462,L131P,NP_001179:p.Leu131Pro,"hg19,6:g.33541950A>G","cBioPortal,saturation_mutlist","Apoptosis regulator proteins, Bcl-2 family (PF00452)",1.10.437.10,,Destabilizing,,Destabilizing,,Pathogenic,pathogenic,https://doi.org/10.1101/2022.10.22.513328
2541,G135S,NP_001179:p.Gly135Ser,"hg19,6:g.33541939C>T, hg38,6:g.33574162C>T","clinvar,saturation_mutlist","Apoptosis regulator proteins, Bcl-2 family (PF00452)",1.10.437.10,Uncertain,Uncertain,Neutral,Uncertain,,Uncertain,ambiguous,https://doi.org/10.1101/2022.10.22.513328
2566,R137C,NP_001179:p.Arg137Cys,"hg19,6:g.33541933G>A, hg38,6:g.33574156G>A","cBioPortal,COSMIC,saturation_mutlist","Apoptosis regulator proteins, Bcl-2 family (PF00452)",1.10.437.10,Uncertain,Uncertain,Neutral,Uncertain,,Pathogenic,ambiguous,https://doi.org/10.1101/2022.10.22.513328
2579,R137S,NP_001179:p.Arg137Ser,"hg19,6:g.33541933G>T, hg38,6:g.33574156G>T","cBioPortal,COSMIC,saturation_mutlist","Apoptosis regulator proteins, Bcl-2 family (PF00452)",1.10.437.10,Uncertain,Uncertain,Uncertain,Uncertain,,Pathogenic,pathogenic,https://doi.org/10.1101/2022.10.22.513328
2618,A139T,NP_001179:p.Ala139Thr,"hg19,6:g.33541927C>T, hg19,6:g.33574150C>T","cBioPortal,saturation_mutlist","Apoptosis regulator proteins, Bcl-2 family (PF00452)",1.10.437.10,Neutral,Neutral,Neutral,Neutral,,Uncertain,ambiguous,https://doi.org/10.1101/2022.10.22.513328
2667,V142I,NP_001179:p.Val142Ile,"hg19,6:g.33541918C>T, hg38,6:g.33574141C>T","cBioPortal,COSMIC,clinvar,saturation_mutlist","Apoptosis regulator proteins, Bcl-2 family (PF00452)",1.10.437.10,Uncertain,Neutral,Neutral,Neutral,,Benign,benign,https://doi.org/10.1101/2022.10.22.513328
2730,H145R,NP_001179:p.His145Arg,"hg19,6:g.33541908T>C, hg38,6:g.33574131T>C","clinvar,saturation_mutlist","Apoptosis regulator proteins, Bcl-2 family (PF00452)",1.10.437.10,,Neutral,,Neutral,Uncertain,Benign,benign,https://doi.org/10.1101/2022.10.22.513328
2781,T148I,NP_001179:p.Thr148Ile,"hg19,6:g.33541899G>A, hg19,6:g.33574122G>A, hg38,6:g.33574122G>A","cBioPortal,clinvar,saturation_mutlist","Apoptosis regulator proteins, Bcl-2 family (PF00452)",1.10.437.10,,Neutral,,Neutral,Uncertain,Benign,benign,https://doi.org/10.1101/2022.10.22.513328
2795,G149D,NP_001179:p.Gly149Asp,"hg38,6:g.33574119C>T","COSMIC,saturation_mutlist","Apoptosis regulator proteins, Bcl-2 family (PF00452)",1.10.437.10,,Uncertain,,Neutral,Uncertain,Benign,ambiguous,https://doi.org/10.1101/2022.10.22.513328
2893,V154G,NP_001179:p.Val154Gly,"hg19,6:g.33541881A>C, hg38,6:g.33574104A>C","cBioPortal,COSMIC,saturation_mutlist","Apoptosis regulator proteins, Bcl-2 family (PF00452)",1.10.437.10,Destabilizing,Destabilizing,Destabilizing,Destabilizing,,Pathogenic,pathogenic,https://doi.org/10.1101/2022.10.22.513328
2898,V154M,NP_001179:p.Val154Met,"hg19,6:g.33541882C>T, hg38,6:g.33574105C>T","cBioPortal,COSMIC,saturation_mutlist","Apoptosis regulator proteins, Bcl-2 family (PF00452)",1.10.437.10,Uncertain,Uncertain,Neutral,Neutral,,Uncertain,pathogenic,https://doi.org/10.1101/2022.10.22.513328
2932,R156H,NP_001179:p.Arg156His,"hg38,6:g.33574098C>T","COSMIC,saturation_mutlist","Apoptosis regulator proteins, Bcl-2 family (PF00452)",1.10.437.10,,Neutral,,Neutral,Uncertain,Benign,benign,https://doi.org/10.1101/2022.10.22.513328
2935,R156L,NP_001179:p.Arg156Leu,"hg19,6:g.33541875C>A, hg19,6:g.33574098C>A, hg38,6:g.33574098C>A","cBioPortal,COSMIC,saturation_mutlist","Apoptosis regulator proteins, Bcl-2 family (PF00452)",1.10.437.10,Neutral,Neutral,Neutral,Neutral,Uncertain,Benign,benign,https://doi.org/10.1101/2022.10.22.513328
2940,R156S,NP_001179:p.Arg156Ser,"hg19,6:g.33541876G>T, hg38,6:g.33574099G>T","cBioPortal,COSMIC,saturation_mutlist","Apoptosis regulator proteins, Bcl-2 family (PF00452)",1.10.437.10,Neutral,Neutral,Neutral,Neutral,Uncertain,Benign,benign,https://doi.org/10.1101/2022.10.22.513328
2987,V159F,NP_001179:p.Val159Phe,"hg19,6:g.33541867C>A","cBioPortal,saturation_mutlist","Apoptosis regulator proteins, Bcl-2 family (PF00452)",1.10.437.10,Uncertain,Uncertain,Neutral,Neutral,,Benign,ambiguous,https://doi.org/10.1101/2022.10.22.513328
3012,D160N,NP_001179:p.Asp160Asn,"hg19,6:g.33541864C>T, hg19,6:g.33574087C>T, hg38,6:g.33574087C>T","cBioPortal,COSMIC,clinvar,saturation_mutlist","Apoptosis regulator proteins, Bcl-2 family (PF00452)",1.10.437.10,Neutral,Neutral,Neutral,Neutral,Uncertain,Benign,benign,https://doi.org/10.1101/2022.10.22.513328
3020,D160Y,NP_001179:p.Asp160Tyr,"hg19,6:g.33541864C>A, hg38,6:g.33574087C>A","cBioPortal,COSMIC,saturation_mutlist","Apoptosis regulator proteins, Bcl-2 family (PF00452)",1.10.437.10,Neutral,Neutral,Neutral,Neutral,Uncertain,Pathogenic,benign,https://doi.org/10.1101/2022.10.22.513328
3029,F161L,NP_001179:p.Phe161Leu,"hg19,6:g.33541861A>G","cBioPortal,saturation_mutlist","Apoptosis regulator proteins, Bcl-2 family (PF00452)",1.10.437.10,Uncertain,Uncertain,Neutral,Neutral,,Uncertain,pathogenic,https://doi.org/10.1101/2022.10.22.513328
3075,L163V,NP_001179:p.Leu163Val,"hg19,6:g.33541855G>C","cBioPortal,saturation_mutlist","Apoptosis regulator proteins, Bcl-2 family (PF00452)",1.10.437.10,,Uncertain,,Neutral,,,benign,https://doi.org/10.1101/2022.10.22.513328
3155,A168D,NP_001179:p.Ala168Asp,"hg38,6:g.33574062G>T","COSMIC,saturation_mutlist","Apoptosis regulator proteins, Bcl-2 family (PF00452)",1.10.437.10,Uncertain,Destabilizing,Destabilizing,Destabilizing,,Uncertain,pathogenic,https://doi.org/10.1101/2022.10.22.513328
3186,R169Q,NP_001179:p.Arg169Gln,"hg19,6:g.33574059C>T","cBioPortal,saturation_mutlist","Apoptosis regulator proteins, Bcl-2 family (PF00452)",1.10.437.10,,Neutral,,Neutral,Uncertain,Benign,benign,https://doi.org/10.1101/2022.10.22.513328
3190,R169W,NP_001179:p.Arg169Trp,"hg19,6:g.33541837G>A, hg38,6:g.33574060G>A","cBioPortal,COSMIC,saturation_mutlist","Apoptosis regulator proteins, Bcl-2 family (PF00452)",1.10.437.10,Neutral,Neutral,Neutral,Neutral,Uncertain,Uncertain,benign,https://doi.org/10.1101/2022.10.22.513328
3193,W170C,NP_001179:p.Trp170Cys,"hg19,6:g.33541832C>G, hg38,6:g.33574055C>G","clinvar,saturation_mutlist","Apoptosis regulator proteins, Bcl-2 family (PF00452)",1.10.437.10,,Destabilizing,,Destabilizing,,Pathogenic,pathogenic,https://doi.org/10.1101/2022.10.22.513328
3320,G176S,NP_001179:p.Gly176Ser,"hg19,6:g.33541816C>T, hg38,6:g.33574039C>T","cBioPortal,COSMIC,saturation_mutlist","Apoptosis regulator proteins, Bcl-2 family (PF00452)",1.10.437.10,Uncertain,Uncertain,Neutral,Neutral,Uncertain,Pathogenic,pathogenic,https://doi.org/10.1101/2022.10.22.513328
3334,W177L,NP_001179:p.Trp177Leu,"hg19,6:g.33574035C>A","cBioPortal,saturation_mutlist","Apoptosis regulator proteins, Bcl-2 family (PF00452)",1.10.437.10,,Uncertain,,Destabilizing,,Pathogenic,pathogenic,https://doi.org/10.1101/2022.10.22.513328
3339,W177R,NP_001179:p.Trp177Arg,"hg19,6:g.33541813A>T, hg19,6:g.33574036A>G","cBioPortal,saturation_mutlist","Apoptosis regulator proteins, Bcl-2 family (PF00452)",1.10.437.10,Destabilizing,Destabilizing,Destabilizing,Destabilizing,,Pathogenic,pathogenic,https://doi.org/10.1101/2022.10.22.513328
3374,A179P,NP_001179:p.Ala179Pro,"hg38,6:g.33573904C>G","COSMIC,saturation_mutlist",,1.10.437.10,Uncertain,Uncertain,Destabilizing,Destabilizing,Uncertain,Pathogenic,pathogenic,https://doi.org/10.1101/2022.10.22.513328
3397,A180T,NP_001179:p.Ala180Thr,"hg19,6:g.33541678C>T, hg19,6:g.33573901C>T, hg38,6:g.33573901C>T","cBioPortal,COSMIC,saturation_mutlist",,1.10.437.10,Uncertain,Uncertain,Uncertain,Uncertain,,Pathogenic,ambiguous,https://doi.org/10.1101/2022.10.22.513328
3398,A180V,NP_001179:p.Ala180Val,"hg19,6:g.33541677G>A, hg38,6:g.33573900G>A","cBioPortal,COSMIC,saturation_mutlist",,1.10.437.10,Uncertain,Uncertain,Neutral,Uncertain,,Benign,benign,https://doi.org/10.1101/2022.10.22.513328
3491,N185S,NP_001179:p.Asn185Ser,"hg19,6:g.33573885T>C","cBioPortal,saturation_mutlist",,1.10.437.10,,Neutral,,Neutral,Uncertain,Benign,benign,https://doi.org/10.1101/2022.10.22.513328
3524,P187L,NP_001179:p.Pro187Leu,"hg19,6:g.33541656G>A","cBioPortal,saturation_mutlist",,1.10.437.10,Neutral,Neutral,Neutral,Neutral,Uncertain,Benign,benign,https://doi.org/10.1101/2022.10.22.513328
3529,P187S,NP_001179:p.Pro187Ser,"hg38,6:g.33573880G>A","COSMIC,saturation_mutlist",,1.10.437.10,Neutral,Neutral,Neutral,Neutral,Uncertain,Benign,benign,https://doi.org/10.1101/2022.10.22.513328
3596,V191G,NP_001179:p.Val191Gly,"hg19,6:g.33541644A>C","cBioPortal,saturation_mutlist",,1.10.437.10,Neutral,Neutral,Neutral,Neutral,Uncertain,,benign,https://doi.org/10.1101/2022.10.22.513328
3601,V191M,NP_001179:p.Val191Met,"hg19,6:g.33541645C>T, hg19,6:g.33573868C>T, hg38,6:g.33573868C>T","cBioPortal,COSMIC,saturation_mutlist",,1.10.437.10,Neutral,Neutral,Neutral,Neutral,Uncertain,,benign,https://doi.org/10.1101/2022.10.22.513328
3626,L192V,NP_001179:p.Leu192Val,"hg19,6:g.33541642G>C, hg19,6:g.33573865G>C, hg38,6:g.33573865G>C","cBioPortal,COSMIC,saturation_mutlist",,1.10.437.10,Neutral,Neutral,Neutral,Neutral,Uncertain,,benign,https://doi.org/10.1101/2022.10.22.513328
3629,V193A,NP_001179:p.Val193Ala,"hg19,6:g.33541638A>G, hg38,6:g.33573861A>G","clinvar,saturation_mutlist",,1.10.437.10,,Neutral,,Neutral,,,benign,https://doi.org/10.1101/2022.10.22.513328
3639,V193M,NP_001179:p.Val193Met,"hg19,6:g.33541639C>T, hg38,6:g.33573862C>T","cBioPortal,COSMIC,saturation_mutlist",,1.10.437.10,Uncertain,Neutral,Neutral,Neutral,,,benign,https://doi.org/10.1101/2022.10.22.513328
3715,V197M,NP_001179:p.Val197Met,"hg19,6:g.33573850C>T","cBioPortal,saturation_mutlist",,1.10.437.10,,Neutral,,Neutral,,,benign,https://doi.org/10.1101/2022.10.22.513328
3766,L200F,NP_001179:p.Leu200Phe,"hg19,6:g.33541616C>G, hg38,6:g.33573839C>G","clinvar,saturation_mutlist",,1.10.437.10,,Uncertain,,Neutral,,,benign,https://doi.org/10.1101/2022.10.22.513328
3783,G201D,NP_001179:p.Gly201Asp,"hg38,6:g.33573837C>T","COSMIC,saturation_mutlist",,1.10.437.10,Neutral,Neutral,Neutral,Neutral,Uncertain,,pathogenic,https://doi.org/10.1101/2022.10.22.513328
3833,F203S,NP_001179:p.Phe203Ser,"hg19,6:g.33541608A>G, hg38,6:g.33573831A>G","clinvar,saturation_mutlist",,1.10.437.10,,Neutral,,Neutral,Uncertain,,pathogenic,https://doi.org/10.1101/2022.10.22.513328
3835,F203V,NP_001179:p.Phe203Val,"hg19,6:g.33573832A>C","cBioPortal,saturation_mutlist",,1.10.437.10,,Neutral,,Neutral,Uncertain,,benign,https://doi.org/10.1101/2022.10.22.513328
3889,R206Q,NP_001179:p.Arg206Gln,"hg19,6:g.33541599C>T, hg19,6:g.33573822C>T, hg38,6:g.33573822C>T","cBioPortal,COSMIC,clinvar,saturation_mutlist",,1.10.437.10,Neutral,Neutral,Neutral,Neutral,Uncertain,,benign,https://doi.org/10.1101/2022.10.22.513328
3910,R207T,NP_001179:p.Arg207Thr,"hg19,6:g.33541596C>G, hg38,6:g.33573819C>G","clinvar,saturation_mutlist",,1.10.437.10,,Neutral,,Neutral,Uncertain,,ambiguous,https://doi.org/10.1101/2022.10.22.513328
3922,F208L,NP_001179:p.Phe208Leu,"hg19,6:g.33541592G>T, hg19,6:g.33573815G>T, hg38,6:g.33573815G>T","cBioPortal,COSMIC,saturation_mutlist",,1.10.437.10,Neutral,Neutral,Neutral,Neutral,,,pathogenic,https://doi.org/10.1101/2022.10.22.513328
3932,F208Y,NP_001179:p.Phe208Tyr,"hg19,6:g.33541593A>T, hg19,6:g.33573816A>T, hg38,6:g.33573816A>T","cBioPortal,COSMIC,saturation_mutlist",,1.10.437.10,Neutral,Neutral,Neutral,Neutral,,,benign,https://doi.org/10.1101/2022.10.22.513328
3941,F209L,NP_001179:p.Phe209Leu,"hg19,6:g.33541589G>T","cBioPortal,saturation_mutlist",,,Neutral,Neutral,Neutral,Neutral,Uncertain,,pathogenic,https://doi.org/10.1101/2022.10.22.513328
3980,S211L,NP_001179:p.Ser211Leu,"hg19,6:g.33573807G>A","cBioPortal,saturation_mutlist",,,,Neutral,,Neutral,Uncertain,,benign,https://doi.org/10.1101/2022.10.22.513328
